{"metadata":{"asset_id":"3495d120-c9a5-4450-9f72-06022a7169ea","asset_attributes":["data_asset","directory_asset"],"name":"water_potability.csv","asset_type":"data_asset","created_at":"2024-06-30T18:31:13Z","origin_country":"us","owner_id":"IBMid-693000G6UA","project_id":"c8666f64-c58c-4fd2-a697-2b40b5abf266","size":525187,"usage":{"last_update_time":1719921746720,"last_updated_at":"2024-07-02T12:02:26Z"}},"entity":{"data_asset":{"mime_type":"text/csv","dataset":false},"directory_asset":{"path":""},"location_definition":{"physical_location_code_assignment_method":"INFERRED","physical_location_code":"DAL","physical_location_code_assigned_by":"IBMid-693000G6UA","physical_location_code_added_on":"1719772273769","physical_location_code_rds_version":"00002024-0625-4184-8010-557550000000_4","physical_location_code_rds_id":"c57cb90f-2126-3800-9c9f-9eab82021cdf"}},"attachments":[{"id":"ab2662c3-39c6-454b-8461-9c616c379bf4","version":2,"asset_type":"data_asset","name":"water_potability.csv","mime":"text/csv","datasource_type":"193a97c1-4475-4a19-b90c-295c4fdc6517","object_key":"water_potability.csv","creator_id":"IBMid-693000G6UA","create_time":1719772273773,"size":525187,"is_remote":false,"is_managed":false,"is_referenced":true,"is_object_key_read_only":true,"is_user_provided_path_key":true,"transfer_complete":true,"is_partitioned":false,"complete_time_ticks":1719772273773,"user_data":{},"test_doc":0,"handle":{"bucket":"waterpotability-donotdelete-pr-doiyu0hhq8gs7a","location":"us-south","type":"bluemix_cos","key":"water_potability.csv","upload_id":"done","max_part_num":1},"usage":{"access_count":1,"last_accessor_id":"IBMid-693000G6UA","last_access_time":1719921746719,"last_updater_id":"IBMid-693000G6UA","last_update_time":1719921746719}}]}
