{"metadata":{"asset_id":"97ecb5bb-47ce-477e-b6f8-157de5efaac5","asset_attributes":["environment"],"name":"autoai-runtime-23.1-py3.10-M","asset_type":"environment","created_at":"2024-07-02T12:18:30Z","origin_country":"us","owner_id":"IBMid-693000G6UA","project_id":"c8666f64-c58c-4fd2-a697-2b40b5abf266","sandbox_id":"c8666f64-c58c-4fd2-a697-2b40b5abf266","size":0,"tags":["dsx"],"usage":{"last_update_time":1719922710146,"last_updated_at":"2024-07-02T12:18:30Z"}},"entity":{"environment":{"sub_type":"notebook","display_name":"Runtime 23.1 on Python 3.10 AutoAI-M","hardware_specification":{"type":"referenced","guid":"c076e82c-b2a7-4d20-9c0f-1f0c2fdf5a24"},"software_specification":{"type":"referenced","guid":"336b29df-e0e1-5e7d-b6a5-f6ab722625b2"},"tools_specification":{"supported_kernels":[{"name":"python3","display_name":"Python 3.10","language":"python","version":"3.10"}],"notebook_extensions":[]}}}}
