{"metadata":{"asset_id":"5c5f9f80-87fc-42bf-853e-627ce6b07d65","asset_attributes":["notebook"],"name":"WATER POTABILITY - P4 XGB Classifier - Notebook","asset_type":"notebook","created_at":"2024-07-02T12:18:31Z","description":"","origin_country":"us","owner_id":"IBMid-693000G6UA","project_id":"c8666f64-c58c-4fd2-a697-2b40b5abf266","size":21488,"tags":[],"usage":{"last_update_time":1719922928644,"last_updated_at":"2024-07-02T12:22:08Z"}},"entity":{"notebook":{"kernel":{"name":"python3","display_name":"Python 3.10","language":"python"},"originates_from":{"type":"blank"},"runtime":{"environment":"97ecb5bb-47ce-477e-b6f8-157de5efaac5"}},"location_definition":{"physical_location_code":"DAL","physical_location_code_assigned_by":"IBMid-693000G6UA","physical_location_code_rds_id":"c57cb90f-2126-3800-9c9f-9eab82021cdf","physical_location_code_rds_version":"00002024-0625-4184-8010-557550000000_4","physical_location_code_assignment_method":"INFERRED","physical_location_code_added_on":"1719922715665"}},"attachments":[{"id":"31448d43-7851-4d87-9255-23d0df52441a","version":2,"asset_type":"notebook","name":"WATER POTABILITY - P4 XGB Classifier - Notebook","description":"WATER POTABILITY - P4 XGB Classifier - Notebook attachment for notebook asset 5c5f9f80-87fc-42bf-853e-627ce6b07d65","mime":"application/json","datasource_type":"193a97c1-4475-4a19-b90c-295c4fdc6517","object_key":"notebook/notebook_5c5f9f80-87fc-42bf-853e-627ce6b07d65.ipynb","creator_id":"IBMid-693000G6UA","create_time":1719922715667,"size":21488,"is_remote":false,"is_managed":false,"is_referenced":true,"is_object_key_read_only":false,"is_user_provided_path_key":true,"transfer_complete":true,"is_partitioned":false,"complete_time_ticks":1719922715667,"user_data":{},"test_doc":0,"handle":{"bucket":"waterpotability-donotdelete-pr-doiyu0hhq8gs7a","location":"us-south","type":"bluemix_cos","key":"notebook/notebook_5c5f9f80-87fc-42bf-853e-627ce6b07d65.ipynb","upload_id":"done","max_part_num":1},"usage":{"access_count":1,"last_accessor_id":"IBMid-693000G6UA","last_access_time":1719922928643,"last_updater_id":"IBMid-693000G6UA","last_update_time":1719922928643}}]}
