{"metadata":{"asset_id":"a5d9ab52-d5cd-449d-a322-a477da833dd2","asset_attributes":["wml_pipeline"],"name":"WATER POTABILITY","asset_type":"wml_pipeline","created_at":"2024-06-30T18:48:15Z","description":"The ML model should detect contaminants and provide early warnings to prevent waterborne diseases and ensure access to safe drinking water.","origin_country":"us","owner_id":"IBMid-693000G6UA","project_id":"c8666f64-c58c-4fd2-a697-2b40b5abf266","sandbox_id":"c8666f64-c58c-4fd2-a697-2b40b5abf266","size":0,"tags":["dsx-project.c8666f64-c58c-4fd2-a697-2b40b5abf266"],"usage":{"last_update_time":1719773295358,"last_updated_at":"2024-06-30T18:48:15Z"}},"entity":{"wml_pipeline":{"document":{"doc_type":"pipeline","pipelines":[{"id":"autoai","nodes":[{"id":"automl","op":"kube","parameters":{"output_logs":true,"input_file_separator":",","stage_flag":true,"optimization":{"compute_pipeline_notebooks_flag":true,"cv_num_folds":3,"daub_adaptive_subsampling_max_mem_usage":15000000000,"feature_selector_mode":"auto","global_stage_include_batched_ensemble_estimators":[],"holdout_param":0.1,"label":"Potability","learning_type":"classification","max_num_daub_ensembles":2,"positive_label":1,"run_cognito_flag":true,"scorer_for_ranking":"accuracy"},"n_parallel_data_connections":4,"one_vs_all_file":true},"runtime_ref":"autoai","type":"execution_node"}],"runtime_ref":"hybrid"}],"primary_pipeline":"autoai","runtimes":[{"app_data":{"wml_data":{"hardware_spec":{"base_id":"a6c4923b-b8e4-444c-9f43-8a7ec3020110","name":"L"}}},"id":"autoai","name":"auto_ai.kb"}],"version":"2.0"},"ml_version":"4.0.5"}}}
